date,product,sales,day,month,weekday,product_id,predicted_sales
2023-01-01,Milk,33,1,1,6,2,33.45
2023-01-02,Milk,28,2,1,0,2,25.68
2023-01-03,Milk,28,3,1,1,2,26.67
2023-01-04,Milk,33,4,1,2,2,29.84
2023-01-05,Milk,21,5,1,3,2,24.34
2023-01-06,Milk,25,6,1,4,2,25.55
2023-01-07,Milk,26,7,1,5,2,29.36
2023-01-08,Milk,33,8,1,6,2,33.33
2023-01-09,Milk,28,9,1,0,2,28.06
2023-01-10,Milk,21,10,1,1,2,23.42
2023-01-11,Milk,26,11,1,2,2,25.36
2023-01-12,Milk,25,12,1,3,2,25.36
2023-01-13,Milk,26,13,1,4,2,26.06
2023-01-14,Milk,34,14,1,5,2,32.84
2023-01-15,Milk,34,15,1,6,2,34.1
2023-01-16,Milk,26,16,1,0,2,26.63
2023-01-17,Milk,27,17,1,1,2,26.09
2023-01-18,Milk,23,18,1,2,2,23.89
2023-01-19,Milk,27,19,1,3,2,26.99
2023-01-20,Milk,26,20,1,4,2,25.47
2023-01-21,Milk,42,21,1,5,2,39.69
2023-01-22,Milk,36,22,1,6,2,36.25
2023-01-23,Milk,24,23,1,0,2,27.74
2023-01-24,Milk,36,24,1,1,2,31.73
2023-01-25,Milk,17,25,1,2,2,21.98
2023-01-26,Milk,32,26,1,3,2,30.63
2023-01-27,Milk,31,27,1,4,2,29.83
2023-01-28,Milk,31,28,1,5,2,35.3
2023-01-29,Milk,43,29,1,6,2,40.26
2023-01-30,Milk,29,30,1,0,2,28.05
2023-01-31,Milk,25,31,1,1,2,27.23
2023-02-01,Milk,21,1,2,2,2,25.74
2023-02-02,Milk,30,2,2,3,2,28.35
2023-02-03,Milk,24,3,2,4,2,26.11
2023-02-04,Milk,30,4,2,5,2,31.93
2023-02-05,Milk,36,5,2,6,2,35.28
2023-02-06,Milk,25,6,2,0,2,26.51
2023-02-07,Milk,28,7,2,1,2,28.38
2023-02-08,Milk,27,8,2,2,2,28.49
2023-02-09,Milk,34,9,2,3,2,31.24
2023-02-10,Milk,31,10,2,4,2,31.24
2023-02-11,Milk,37,11,2,5,2,35.11
2023-02-12,Milk,33,12,2,6,2,34.45
2023-02-13,Milk,34,13,2,0,2,32.31
2023-02-14,Milk,32,14,2,1,2,31.56
2023-02-15,Milk,41,15,2,2,2,36.66
2023-02-16,Milk,29,16,2,3,2,29.24
2023-02-17,Milk,36,17,2,4,2,33.75
2023-02-18,Milk,40,18,2,5,2,38.51
2023-02-19,Milk,38,19,2,6,2,36.94
2023-02-20,Milk,21,20,2,0,2,24.2
2023-02-21,Milk,32,21,2,1,2,31.14
2023-02-22,Milk,24,22,2,2,2,25.67
2023-02-23,Milk,26,23,2,3,2,26.7
2023-02-24,Milk,28,24,2,4,2,28.42
2023-02-25,Milk,37,25,2,5,2,35.97
2023-02-26,Milk,31,26,2,6,2,33.58
2023-02-27,Milk,24,27,2,0,2,25.53
2023-02-28,Milk,33,28,2,1,2,29.18
2023-03-01,Milk,32,1,3,2,2,30.96
2023-03-02,Milk,32,2,3,3,2,31.75
2023-03-03,Milk,29,3,3,4,2,29.64
2023-03-04,Milk,42,4,3,5,2,40.93
2023-03-05,Milk,40,5,3,6,2,40.76
2023-03-06,Milk,28,6,3,0,2,30.01
2023-03-07,Milk,35,7,3,1,2,33.55
2023-03-08,Milk,28,8,3,2,2,28.51
2023-03-09,Milk,25,9,3,3,2,26.36
2023-03-10,Milk,35,10,3,4,2,33.12
2023-03-11,Milk,45,11,3,5,2,40.53
2023-03-12,Milk,31,12,3,6,2,32.29
2023-03-13,Milk,32,13,3,0,2,29.87
2023-03-14,Milk,19,14,3,1,2,23.94
2023-03-15,Milk,35,15,3,2,2,32.32
2023-03-16,Milk,25,16,3,3,2,27.32
2023-03-17,Milk,33,17,3,4,2,32.96
2023-03-18,Milk,36,18,3,5,2,38.31
2023-03-19,Milk,41,19,3,6,2,39.18
2023-03-20,Milk,23,20,3,0,2,25.37
2023-03-21,Milk,28,21,3,1,2,26.29
2023-03-22,Milk,29,22,3,2,2,30.7
2023-03-23,Milk,34,23,3,3,2,33.74
2023-03-24,Milk,39,24,3,4,2,36.32
2023-03-25,Milk,43,25,3,5,2,40.74
2023-03-26,Milk,41,26,3,6,2,40.41
2023-03-27,Milk,25,27,3,0,2,25.82
2023-03-28,Milk,23,28,3,1,2,23.1
2023-03-29,Milk,31,29,3,2,2,30.7
2023-03-30,Milk,31,30,3,3,2,31.92
2023-03-31,Milk,33,31,3,4,2,31.15
2023-04-01,Milk,44,1,4,5,2,43.1
2023-04-02,Milk,42,2,4,6,2,42.48
2023-04-03,Milk,23,3,4,0,2,26.97
2023-04-04,Milk,35,4,4,1,2,32.89
2023-04-05,Milk,30,5,4,2,2,27.1
2023-04-06,Milk,26,6,4,3,2,27.97
2023-04-07,Milk,28,7,4,4,2,28.49
2023-04-08,Milk,33,8,4,5,2,36.51
2023-04-09,Milk,39,9,4,6,2,38.41
2023-04-10,Milk,34,10,4,0,2,31.99
2023-04-11,Milk,29,11,4,1,2,29.88
2023-04-12,Milk,26,12,4,2,2,27.48
2023-04-13,Milk,29,13,4,3,2,28.83
2023-04-14,Milk,33,14,4,4,2,31.35
2023-04-15,Milk,34,15,4,5,2,34.67
2023-04-16,Milk,36,16,4,6,2,36.65
2023-04-17,Milk,31,17,4,0,2,29.83
2023-04-18,Milk,25,18,4,1,2,26.64
2023-04-19,Milk,41,19,4,2,2,36.65
2023-04-20,Milk,30,20,4,3,2,29.18
2023-04-21,Milk,27,21,4,4,2,27.51
2023-04-22,Milk,37,22,4,5,2,37.64
2023-04-23,Milk,39,23,4,6,2,38.74
2023-04-24,Milk,28,24,4,0,2,28.48
2023-04-25,Milk,21,25,4,1,2,22.99
2023-04-26,Milk,38,26,4,2,2,34.83
2023-04-27,Milk,31,27,4,3,2,31.36
2023-04-28,Milk,31,28,4,4,2,30.49
2023-04-29,Milk,46,29,4,5,2,43.05
2023-04-30,Milk,36,30,4,6,2,38.59
2023-05-01,Milk,28,1,5,0,2,28.34
2023-05-02,Milk,34,2,5,1,2,32.48
2023-05-03,Milk,31,3,5,2,2,32.21
2023-05-04,Milk,33,4,5,3,2,33.5
2023-05-05,Milk,31,5,5,4,2,31.74
2023-05-06,Milk,41,6,5,5,2,41.81
2023-05-07,Milk,49,7,5,6,2,46.11
2023-05-08,Milk,37,8,5,0,2,34.62
2023-05-09,Milk,19,9,5,1,2,26.04
2023-05-10,Milk,39,10,5,2,2,35.49
2023-05-11,Milk,43,11,5,3,2,39.66
2023-05-12,Milk,38,12,5,4,2,37.68
2023-05-13,Milk,41,13,5,5,2,40.67
2023-05-14,Milk,39,14,5,6,2,40.69
2023-05-15,Milk,36,15,5,0,2,33.98
2023-05-16,Milk,29,16,5,1,2,30.47
2023-05-17,Milk,34,17,5,2,2,34.01
2023-05-18,Milk,32,18,5,3,2,34.03
2023-05-19,Milk,39,19,5,4,2,37.63
2023-05-20,Milk,41,20,5,5,2,39.76
2023-05-21,Milk,40,21,5,6,2,40.7
2023-05-22,Milk,34,22,5,0,2,33.87
2023-05-23,Milk,42,23,5,1,2,38.26
2023-05-24,Milk,33,24,5,2,2,33.73
2023-05-25,Milk,31,25,5,3,2,32.8
2023-05-26,Milk,37,26,5,4,2,35.54
2023-05-27,Milk,46,27,5,5,2,43.63
2023-05-28,Milk,38,28,5,6,2,40.48
2023-05-29,Milk,30,29,5,0,2,29.84
2023-05-30,Milk,38,30,5,1,2,35.25
2023-05-31,Milk,35,31,5,2,2,34.78
2023-06-01,Milk,21,1,6,3,2,25.67
2023-06-02,Milk,36,2,6,4,2,34.48
2023-06-03,Milk,48,3,6,5,2,45.77
2023-06-04,Milk,39,4,6,6,2,40.59
2023-06-05,Milk,37,5,6,0,2,37.48
2023-06-06,Milk,43,6,6,1,2,40.17
2023-06-07,Milk,35,7,6,2,2,34.98
2023-06-08,Milk,30,8,6,3,2,31.5
2023-06-09,Milk,31,9,6,4,2,30.8
2023-06-10,Milk,44,10,6,5,2,43.32
2023-06-11,Milk,45,11,6,6,2,44.8
2023-06-12,Milk,34,12,6,0,2,34.43
2023-06-13,Milk,36,13,6,1,2,35.64
2023-06-14,Milk,33,14,6,2,2,33.65
2023-06-15,Milk,35,15,6,3,2,35.67
2023-06-16,Milk,39,16,6,4,2,37.46
2023-06-17,Milk,39,17,6,5,2,40.83
2023-06-18,Milk,44,18,6,6,2,43.65
2023-06-19,Milk,35,19,6,0,2,35.09
2023-06-20,Milk,39,20,6,1,2,36.78
2023-06-21,Milk,33,21,6,2,2,33.8
2023-06-22,Milk,37,22,6,3,2,35.9
2023-06-23,Milk,40,23,6,4,2,37.7
2023-06-24,Milk,35,24,6,5,2,39.2
2023-06-25,Milk,50,25,6,6,2,46.26
2023-06-26,Milk,29,26,6,0,2,30.54
2023-06-27,Milk,29,27,6,1,2,30.11
2023-06-28,Milk,20,28,6,2,2,25.19
2023-06-29,Milk,30,29,6,3,2,31.04
2023-06-30,Milk,35,30,6,4,2,34.46
2023-07-01,Milk,43,1,7,5,2,45.26
2023-07-02,Milk,42,2,7,6,2,43.89
2023-07-03,Milk,29,3,7,0,2,32.15
2023-07-04,Milk,39,4,7,1,2,36.99
2023-07-05,Milk,40,5,7,2,2,38.22
2023-07-06,Milk,37,6,7,3,2,36.31
2023-07-07,Milk,25,7,7,4,2,28.32
2023-07-08,Milk,56,8,7,5,2,51.74
2023-07-09,Milk,46,9,7,6,2,47.06
2023-07-10,Milk,38,10,7,0,2,35.83
2023-07-11,Milk,28,11,7,1,2,31.47
2023-07-12,Milk,35,12,7,2,2,35.18
2023-07-13,Milk,37,13,7,3,2,36.21
2023-07-14,Milk,35,14,7,4,2,33.84
2023-07-15,Milk,50,15,7,5,2,49.06
2023-07-16,Milk,52,16,7,6,2,50.74
2023-07-17,Milk,29,17,7,0,2,31.64
2023-07-18,Milk,40,18,7,1,2,37.27
2023-07-19,Milk,37,19,7,2,2,36.51
2023-07-20,Milk,36,20,7,3,2,36.13
2023-07-21,Milk,28,21,7,4,2,30.99
2023-07-22,Milk,53,22,7,5,2,50.26
2023-07-23,Milk,48,23,7,6,2,48.31
2023-07-24,Milk,27,24,7,0,2,30.62
2023-07-25,Milk,35,25,7,1,2,33.91
2023-07-26,Milk,37,26,7,2,2,34.25
2023-07-27,Milk,38,27,7,3,2,37.55
2023-07-28,Milk,35,28,7,4,2,35.76
2023-07-29,Milk,48,29,7,5,2,49.15
2023-07-30,Milk,57,30,7,6,2,52.98
2023-07-31,Milk,44,31,7,0,2,40.56
2023-08-01,Milk,31,1,8,1,2,32.23
2023-08-02,Milk,33,2,8,2,2,34.3
2023-08-03,Milk,36,3,8,3,2,34.93
2023-08-04,Milk,28,4,8,4,2,30.96
2023-08-05,Milk,40,5,8,5,2,42.4
2023-08-06,Milk,38,6,8,6,2,41.2
2023-08-07,Milk,31,7,8,0,2,33.22
2023-08-08,Milk,43,8,8,1,2,39.15
2023-08-09,Milk,32,9,8,2,2,32.51
2023-08-10,Milk,31,10,8,3,2,32.74
2023-08-11,Milk,41,11,8,4,2,39.3
2023-08-12,Milk,44,12,8,5,2,44.0
2023-08-13,Milk,49,13,8,6,2,47.36
2023-08-14,Milk,33,14,8,0,2,33.47
2023-08-15,Milk,28,15,8,1,2,31.97
2023-08-16,Milk,39,16,8,2,2,36.45
2023-08-17,Milk,29,17,8,3,2,31.04
2023-08-18,Milk,34,18,8,4,2,35.71
2023-08-19,Milk,43,19,8,5,2,44.62
2023-08-20,Milk,48,20,8,6,2,47.85
2023-08-21,Milk,34,21,8,0,2,34.16
2023-08-22,Milk,37,22,8,1,2,35.58
2023-08-23,Milk,29,23,8,2,2,31.7
2023-08-24,Milk,47,24,8,3,2,41.24
2023-08-25,Milk,31,25,8,4,2,33.53
2023-08-26,Milk,53,26,8,5,2,51.28
2023-08-27,Milk,48,27,8,6,2,48.41
2023-08-28,Milk,38,28,8,0,2,36.99
2023-08-29,Milk,39,29,8,1,2,37.2
2023-08-30,Milk,28,30,8,2,2,31.05
2023-08-31,Milk,42,31,8,3,2,38.74
2023-09-01,Milk,35,1,9,4,2,35.09
2023-09-02,Milk,54,2,9,5,2,50.58
2023-09-03,Milk,47,3,9,6,2,46.13
2023-09-04,Milk,36,4,9,0,2,36.18
2023-09-05,Milk,31,5,9,1,2,32.08
2023-09-06,Milk,34,6,9,2,2,34.44
2023-09-07,Milk,40,7,9,3,2,37.02
2023-09-08,Milk,32,8,9,4,2,34.18
2023-09-09,Milk,38,9,9,5,2,41.31
2023-09-10,Milk,44,10,9,6,2,43.48
2023-09-11,Milk,42,11,9,0,2,42.48
2023-09-12,Milk,47,12,9,1,2,44.08
2023-09-13,Milk,35,13,9,2,2,37.43
2023-09-14,Milk,31,14,9,3,2,33.77
2023-09-15,Milk,37,15,9,4,2,36.69
2023-09-16,Milk,49,16,9,5,2,48.85
2023-09-17,Milk,51,17,9,6,2,50.18
2023-09-18,Milk,49,18,9,0,2,43.21
2023-09-19,Milk,40,19,9,1,2,41.01
2023-09-20,Milk,47,20,9,2,2,43.36
2023-09-21,Milk,36,21,9,3,2,36.99
2023-09-22,Milk,39,22,9,4,2,39.66
2023-09-23,Milk,46,23,9,5,2,47.04
2023-09-24,Milk,45,24,9,6,2,45.38
2023-09-25,Milk,38,25,9,0,2,38.21
2023-09-26,Milk,38,26,9,1,2,38.56
2023-09-27,Milk,36,27,9,2,2,37.03
2023-09-28,Milk,36,28,9,3,2,36.81
2023-09-29,Milk,45,29,9,4,2,42.47
2023-09-30,Milk,60,30,9,5,2,56.84
2023-10-01,Milk,47,1,10,6,2,49.99
2023-10-02,Milk,38,2,10,0,2,39.97
2023-10-03,Milk,42,3,10,1,2,42.83
2023-10-04,Milk,55,4,10,2,2,50.69
2023-10-05,Milk,40,5,10,3,2,42.01
2023-10-06,Milk,44,6,10,4,2,43.73
2023-10-07,Milk,57,7,10,5,2,54.59
2023-10-08,Milk,51,8,10,6,2,51.17
2023-10-09,Milk,44,9,10,0,2,43.9
2023-10-10,Milk,43,10,10,1,2,43.79
2023-10-11,Milk,45,11,10,2,2,43.85
2023-10-12,Milk,35,12,10,3,2,38.59
2023-10-13,Milk,41,13,10,4,2,40.81
2023-10-14,Milk,52,14,10,5,2,51.48
2023-10-15,Milk,52,15,10,6,2,52.45
2023-10-16,Milk,46,16,10,0,2,45.0
2023-10-17,Milk,42,17,10,1,2,41.29
2023-10-18,Milk,34,18,10,2,2,37.02
2023-10-19,Milk,43,19,10,3,2,40.6
2023-10-20,Milk,36,20,10,4,2,37.7
2023-10-21,Milk,47,21,10,5,2,48.41
2023-10-22,Milk,48,22,10,6,2,48.98
2023-10-23,Milk,40,23,10,0,2,38.55
2023-10-24,Milk,33,24,10,1,2,35.77
2023-10-25,Milk,46,25,10,2,2,42.89
2023-10-26,Milk,35,26,10,3,2,37.13
2023-10-27,Milk,48,27,10,4,2,44.9
2023-10-28,Milk,45,28,10,5,2,46.66
2023-10-29,Milk,57,29,10,6,2,55.61
2023-10-30,Milk,41,30,10,0,2,39.05
2023-10-31,Milk,32,31,10,1,2,35.83
2023-11-01,Milk,36,1,11,2,2,39.86
2023-11-02,Milk,47,2,11,3,2,44.75
2023-11-03,Milk,43,3,11,4,2,43.63
2023-11-04,Milk,51,4,11,5,2,49.63
2023-11-05,Milk,40,5,11,6,2,44.26
2023-11-06,Milk,48,6,11,0,2,46.19
2023-11-07,Milk,50,7,11,1,2,48.75
2023-11-08,Milk,50,8,11,2,2,48.76
2023-11-09,Milk,38,9,11,3,2,41.2
2023-11-10,Milk,43,10,11,4,2,42.75
2023-11-11,Milk,54,11,11,5,2,53.08
2023-11-12,Milk,44,12,11,6,2,48.65
2023-11-13,Milk,42,13,11,0,2,42.62
2023-11-14,Milk,47,14,11,1,2,47.22
2023-11-15,Milk,45,15,11,2,2,43.47
2023-11-16,Milk,36,16,11,3,2,38.15
2023-11-17,Milk,37,17,11,4,2,38.52
2023-11-18,Milk,56,18,11,5,2,53.48
2023-11-19,Milk,55,19,11,6,2,54.34
2023-11-20,Milk,30,20,11,0,2,33.95
2023-11-21,Milk,29,21,11,1,2,31.44
2023-11-22,Milk,41,22,11,2,2,38.8
2023-11-23,Milk,39,23,11,3,2,38.48
2023-11-24,Milk,40,24,11,4,2,38.43
2023-11-25,Milk,50,25,11,5,2,51.63
2023-11-26,Milk,57,26,11,6,2,56.21
2023-11-27,Milk,43,27,11,0,2,41.95
2023-11-28,Milk,43,28,11,1,2,41.34
2023-11-29,Milk,35,29,11,2,2,37.75
2023-11-30,Milk,25,30,11,3,2,31.13
2023-12-01,Milk,48,1,12,4,2,45.92
2023-12-02,Milk,63,2,12,5,2,56.81
2023-12-03,Milk,51,3,12,6,2,52.14
2023-12-04,Milk,44,4,12,0,2,43.75
2023-12-05,Milk,44,5,12,1,2,43.58
2023-12-06,Milk,51,6,12,2,2,49.19
2023-12-07,Milk,47,7,12,3,2,47.42
2023-12-08,Milk,45,8,12,4,2,44.18
2023-12-09,Milk,53,9,12,5,2,53.9
2023-12-10,Milk,53,10,12,6,2,53.15
2023-12-11,Milk,36,11,12,0,2,38.96
2023-12-12,Milk,41,12,12,1,2,40.93
2023-12-13,Milk,47,13,12,2,2,45.05
2023-12-14,Milk,42,14,12,3,2,41.64
2023-12-15,Milk,43,15,12,4,2,43.45
2023-12-16,Milk,47,16,12,5,2,49.75
2023-12-17,Milk,55,17,12,6,2,53.59
2023-12-18,Milk,36,18,12,0,2,37.41
2023-12-19,Milk,45,19,12,1,2,43.61
2023-12-20,Milk,42,20,12,2,2,40.91
2023-12-21,Milk,35,21,12,3,2,36.75
2023-12-22,Milk,49,22,12,4,2,46.08
2023-12-23,Milk,53,23,12,5,2,54.74
2023-12-24,Milk,63,24,12,6,2,59.41
2023-12-25,Milk,51,25,12,0,2,47.92
2023-12-26,Milk,39,26,12,1,2,40.29
2023-12-27,Milk,40,27,12,2,2,40.41
2023-12-28,Milk,38,28,12,3,2,39.02
2023-12-29,Milk,36,29,12,4,2,38.16
2023-12-30,Milk,52,30,12,5,2,51.91
2023-12-31,Milk,61,31,12,6,2,60.05
2023-01-01,Bread,39,1,1,6,0,41.69
2023-01-02,Bread,45,2,1,0,0,44.71
2023-01-03,Bread,43,3,1,1,0,43.27
2023-01-04,Bread,41,4,1,2,0,41.35
2023-01-05,Bread,39,5,1,3,0,39.26
2023-01-06,Bread,32,6,1,4,0,34.28
2023-01-07,Bread,45,7,1,5,0,49.05
2023-01-08,Bread,47,8,1,6,0,47.31
2023-01-09,Bread,41,9,1,0,0,40.22
2023-01-10,Bread,39,10,1,1,0,40.1
2023-01-11,Bread,44,11,1,2,0,42.71
2023-01-12,Bread,41,12,1,3,0,41.11
2023-01-13,Bread,39,13,1,4,0,38.1
2023-01-14,Bread,61,14,1,5,0,57.57
2023-01-15,Bread,51,15,1,6,0,50.42
2023-01-16,Bread,37,16,1,0,0,38.49
2023-01-17,Bread,49,17,1,1,0,46.23
2023-01-18,Bread,45,18,1,2,0,45.22
2023-01-19,Bread,49,19,1,3,0,46.19
2023-01-20,Bread,39,20,1,4,0,40.21
2023-01-21,Bread,54,21,1,5,0,49.72
2023-01-22,Bread,42,22,1,6,0,45.16
2023-01-23,Bread,44,23,1,0,0,42.12
2023-01-24,Bread,39,24,1,1,0,40.6
2023-01-25,Bread,33,25,1,2,0,35.36
2023-01-26,Bread,45,26,1,3,0,40.87
2023-01-27,Bread,31,27,1,4,0,35.08
2023-01-28,Bread,40,28,1,5,0,44.65
2023-01-29,Bread,52,29,1,6,0,49.55
2023-01-30,Bread,43,30,1,0,0,43.03
2023-01-31,Bread,45,31,1,1,0,43.97
2023-02-01,Bread,44,1,2,2,0,44.11
2023-02-02,Bread,48,2,2,3,0,47.1
2023-02-03,Bread,44,3,2,4,0,43.72
2023-02-04,Bread,50,4,2,5,0,51.48
2023-02-05,Bread,50,5,2,6,0,50.56
2023-02-06,Bread,39,6,2,0,0,39.99
2023-02-07,Bread,42,7,2,1,0,41.49
2023-02-08,Bread,35,8,2,2,0,37.73
2023-02-09,Bread,42,9,2,3,0,40.73
2023-02-10,Bread,40,10,2,4,0,39.74
2023-02-11,Bread,52,11,2,5,0,53.0
2023-02-12,Bread,52,12,2,6,0,52.1
2023-02-13,Bread,28,13,2,0,0,31.63
2023-02-14,Bread,36,14,2,1,0,36.48
2023-02-15,Bread,40,15,2,2,0,38.58
2023-02-16,Bread,41,16,2,3,0,40.98
2023-02-17,Bread,42,17,2,4,0,41.92
2023-02-18,Bread,52,18,2,5,0,53.22
2023-02-19,Bread,59,19,2,6,0,56.39
2023-02-20,Bread,43,20,2,0,0,39.36
2023-02-21,Bread,40,21,2,1,0,40.07
2023-02-22,Bread,33,22,2,2,0,35.38
2023-02-23,Bread,34,23,2,3,0,36.5
2023-02-24,Bread,44,24,2,4,0,40.56
2023-02-25,Bread,57,25,2,5,0,56.3
2023-02-26,Bread,59,26,2,6,0,57.43
2023-02-27,Bread,37,27,2,0,0,37.42
2023-02-28,Bread,40,28,2,1,0,39.5
2023-03-01,Bread,43,1,3,2,0,43.43
2023-03-02,Bread,52,2,3,3,0,49.21
2023-03-03,Bread,42,3,3,4,0,43.64
2023-03-04,Bread,59,4,3,5,0,56.47
2023-03-05,Bread,53,5,3,6,0,53.4
2023-03-06,Bread,48,6,3,0,0,45.78
2023-03-07,Bread,47,7,3,1,0,45.69
2023-03-08,Bread,43,8,3,2,0,42.76
2023-03-09,Bread,37,9,3,3,0,38.9
2023-03-10,Bread,41,10,3,4,0,40.43
2023-03-11,Bread,59,11,3,5,0,57.12
2023-03-12,Bread,56,12,3,6,0,54.7
2023-03-13,Bread,40,13,3,0,0,37.96
2023-03-14,Bread,40,14,3,1,0,39.32
2023-03-15,Bread,34,15,3,2,0,36.38
2023-03-16,Bread,49,16,3,3,0,45.47
2023-03-17,Bread,47,17,3,4,0,45.91
2023-03-18,Bread,52,18,3,5,0,53.54
2023-03-19,Bread,53,19,3,6,0,54.22
2023-03-20,Bread,32,20,3,0,0,35.36
2023-03-21,Bread,40,21,3,1,0,40.7
2023-03-22,Bread,49,22,3,2,0,45.87
2023-03-23,Bread,48,23,3,3,0,47.71
2023-03-24,Bread,44,24,3,4,0,45.91
2023-03-25,Bread,53,25,3,5,0,54.57
2023-03-26,Bread,57,26,3,6,0,56.16
2023-03-27,Bread,41,27,3,0,0,39.62
2023-03-28,Bread,35,28,3,1,0,37.89
2023-03-29,Bread,43,29,3,2,0,41.74
2023-03-30,Bread,45,30,3,3,0,45.14
2023-03-31,Bread,49,31,3,4,0,47.81
2023-04-01,Bread,46,1,4,5,0,49.02
2023-04-02,Bread,52,2,4,6,0,51.66
2023-04-03,Bread,43,3,4,0,0,42.78
2023-04-04,Bread,38,4,4,1,0,40.07
2023-04-05,Bread,46,5,4,2,0,44.43
2023-04-06,Bread,47,6,4,3,0,45.99
2023-04-07,Bread,42,7,4,4,0,43.16
2023-04-08,Bread,64,8,4,5,0,60.12
2023-04-09,Bread,52,9,4,6,0,53.86
2023-04-10,Bread,41,10,4,0,0,40.27
2023-04-11,Bread,41,11,4,1,0,40.97
2023-04-12,Bread,40,12,4,2,0,40.47
2023-04-13,Bread,41,13,4,3,0,40.45
2023-04-14,Bread,37,14,4,4,0,39.28
2023-04-15,Bread,53,15,4,5,0,54.23
2023-04-16,Bread,54,16,4,6,0,53.15
2023-04-17,Bread,32,17,4,0,0,35.66
2023-04-18,Bread,43,18,4,1,0,41.89
2023-04-19,Bread,44,19,4,2,0,44.08
2023-04-20,Bread,47,20,4,3,0,46.54
2023-04-21,Bread,50,21,4,4,0,48.35
2023-04-22,Bread,58,22,4,5,0,57.05
2023-04-23,Bread,51,23,4,6,0,53.03
2023-04-24,Bread,41,24,4,0,0,41.85
2023-04-25,Bread,47,25,4,1,0,44.8
2023-04-26,Bread,42,26,4,2,0,43.06
2023-04-27,Bread,38,27,4,3,0,41.62
2023-04-28,Bread,56,28,4,4,0,50.14
2023-04-29,Bread,53,29,4,5,0,53.74
2023-04-30,Bread,51,30,4,6,0,52.3
2023-05-01,Bread,34,1,5,0,0,38.14
2023-05-02,Bread,49,2,5,1,0,46.15
2023-05-03,Bread,40,3,5,2,0,42.01
2023-05-04,Bread,45,4,5,3,0,44.46
2023-05-05,Bread,50,5,5,4,0,48.18
2023-05-06,Bread,50,6,5,5,0,52.3
2023-05-07,Bread,55,7,5,6,0,53.58
2023-05-08,Bread,53,8,5,0,0,47.68
2023-05-09,Bread,33,9,5,1,0,39.83
2023-05-10,Bread,41,10,5,2,0,41.36
2023-05-11,Bread,41,11,5,3,0,41.8
2023-05-12,Bread,44,12,5,4,0,43.96
2023-05-13,Bread,55,13,5,5,0,54.31
2023-05-14,Bread,50,14,5,6,0,51.5
2023-05-15,Bread,42,15,5,0,0,41.72
2023-05-16,Bread,41,16,5,1,0,41.22
2023-05-17,Bread,44,17,5,2,0,44.22
2023-05-18,Bread,46,18,5,3,0,46.53
2023-05-19,Bread,50,19,5,4,0,48.77
2023-05-20,Bread,61,20,5,5,0,60.07
2023-05-21,Bread,59,21,5,6,0,58.07
2023-05-22,Bread,41,22,5,0,0,42.51
2023-05-23,Bread,46,23,5,1,0,46.43
2023-05-24,Bread,58,24,5,2,0,53.18
2023-05-25,Bread,51,25,5,3,0,50.74
2023-05-26,Bread,44,26,5,4,0,46.0
2023-05-27,Bread,64,27,5,5,0,61.47
2023-05-28,Bread,54,28,5,6,0,55.87
2023-05-29,Bread,43,29,5,0,0,43.48
2023-05-30,Bread,53,30,5,1,0,48.0
2023-05-31,Bread,40,31,5,2,0,42.23
2023-06-01,Bread,37,1,6,3,0,40.87
2023-06-02,Bread,51,2,6,4,0,49.13
2023-06-03,Bread,56,3,6,5,0,55.28
2023-06-04,Bread,57,4,6,6,0,56.01
2023-06-05,Bread,44,5,6,0,0,44.53
2023-06-06,Bread,45,6,6,1,0,44.81
2023-06-07,Bread,44,7,6,2,0,44.3
2023-06-08,Bread,43,8,6,3,0,44.25
2023-06-09,Bread,45,9,6,4,0,45.57
2023-06-10,Bread,54,10,6,5,0,54.23
2023-06-11,Bread,52,11,6,6,0,53.63
2023-06-12,Bread,44,12,6,0,0,43.13
2023-06-13,Bread,34,13,6,1,0,37.32
2023-06-14,Bread,50,14,6,2,0,47.47
2023-06-15,Bread,49,15,6,3,0,48.16
2023-06-16,Bread,46,16,6,4,0,47.39
2023-06-17,Bread,58,17,6,5,0,58.01
2023-06-18,Bread,58,18,6,6,0,57.4
2023-06-19,Bread,43,19,6,0,0,42.6
2023-06-20,Bread,44,20,6,1,0,43.67
2023-06-21,Bread,50,21,6,2,0,48.52
2023-06-22,Bread,48,22,6,3,0,48.39
2023-06-23,Bread,57,23,6,4,0,53.83
2023-06-24,Bread,65,24,6,5,0,63.29
2023-06-25,Bread,62,25,6,6,0,61.43
2023-06-26,Bread,44,26,6,0,0,44.48
2023-06-27,Bread,45,27,6,1,0,45.1
2023-06-28,Bread,42,28,6,2,0,45.14
2023-06-29,Bread,49,29,6,3,0,47.04
2023-06-30,Bread,34,30,6,4,0,40.25
2023-07-01,Bread,55,1,7,5,0,55.09
2023-07-02,Bread,56,2,7,6,0,55.87
2023-07-03,Bread,40,3,7,0,0,42.74
2023-07-04,Bread,52,4,7,1,0,49.42
2023-07-05,Bread,42,5,7,2,0,45.24
2023-07-06,Bread,49,6,7,3,0,49.31
2023-07-07,Bread,62,7,7,4,0,56.15
2023-07-08,Bread,50,8,7,5,0,52.91
2023-07-09,Bread,57,9,7,6,0,56.38
2023-07-10,Bread,46,10,7,0,0,44.94
2023-07-11,Bread,45,11,7,1,0,45.17
2023-07-12,Bread,52,12,7,2,0,49.97
2023-07-13,Bread,54,13,7,3,0,52.03
2023-07-14,Bread,52,14,7,4,0,52.38
2023-07-15,Bread,55,15,7,5,0,58.6
2023-07-16,Bread,71,16,7,6,0,65.32
2023-07-17,Bread,40,17,7,0,0,41.62
2023-07-18,Bread,43,18,7,1,0,43.57
2023-07-19,Bread,49,19,7,2,0,48.89
2023-07-20,Bread,49,20,7,3,0,49.9
2023-07-21,Bread,51,21,7,4,0,50.87
2023-07-22,Bread,67,22,7,5,0,64.65
2023-07-23,Bread,58,23,7,6,0,60.4
2023-07-24,Bread,49,24,7,0,0,47.16
2023-07-25,Bread,46,25,7,1,0,46.87
2023-07-26,Bread,52,26,7,2,0,50.08
2023-07-27,Bread,47,27,7,3,0,48.0
2023-07-28,Bread,47,28,7,4,0,47.59
2023-07-29,Bread,62,29,7,5,0,62.42
2023-07-30,Bread,64,30,7,6,0,64.5
2023-07-31,Bread,38,31,7,0,0,40.82
2023-08-01,Bread,51,1,8,1,0,50.67
2023-08-02,Bread,48,2,8,2,0,48.99
2023-08-03,Bread,54,3,8,3,0,52.73
2023-08-04,Bread,48,4,8,4,0,50.64
2023-08-05,Bread,66,5,8,5,0,62.71
2023-08-06,Bread,56,6,8,6,0,59.27
2023-08-07,Bread,38,7,8,0,0,42.16
2023-08-08,Bread,55,8,8,1,0,52.6
2023-08-09,Bread,45,9,8,2,0,48.31
2023-08-10,Bread,42,10,8,3,0,44.52
2023-08-11,Bread,50,11,8,4,0,48.63
2023-08-12,Bread,59,12,8,5,0,59.26
2023-08-13,Bread,64,13,8,6,0,61.67
2023-08-14,Bread,54,14,8,0,0,49.65
2023-08-15,Bread,50,15,8,1,0,50.44
2023-08-16,Bread,45,16,8,2,0,47.28
2023-08-17,Bread,51,17,8,3,0,50.12
2023-08-18,Bread,51,18,8,4,0,50.25
2023-08-19,Bread,63,19,8,5,0,62.06
2023-08-20,Bread,56,20,8,6,0,58.74
2023-08-21,Bread,48,21,8,0,0,48.74
2023-08-22,Bread,53,22,8,1,0,52.51
2023-08-23,Bread,56,23,8,2,0,55.05
2023-08-24,Bread,55,24,8,3,0,53.84
2023-08-25,Bread,51,25,8,4,0,51.82
2023-08-26,Bread,58,26,8,5,0,60.33
2023-08-27,Bread,62,27,8,6,0,60.93
2023-08-28,Bread,45,28,8,0,0,45.92
2023-08-29,Bread,46,29,8,1,0,47.94
2023-08-30,Bread,58,30,8,2,0,55.04
2023-08-31,Bread,53,31,8,3,0,52.23
2023-09-01,Bread,49,1,9,4,0,50.18
2023-09-02,Bread,65,2,9,5,0,65.33
2023-09-03,Bread,67,3,9,6,0,65.48
2023-09-04,Bread,49,4,9,0,0,47.58
2023-09-05,Bread,49,5,9,1,0,49.98
2023-09-06,Bread,48,6,9,2,0,49.08
2023-09-07,Bread,56,7,9,3,0,53.89
2023-09-08,Bread,56,8,9,4,0,55.36
2023-09-09,Bread,68,9,9,5,0,66.72
2023-09-10,Bread,66,10,9,6,0,66.34
2023-09-11,Bread,43,11,9,0,0,44.72
2023-09-12,Bread,53,12,9,1,0,50.99
2023-09-13,Bread,46,13,9,2,0,48.27
2023-09-14,Bread,49,14,9,3,0,48.68
2023-09-15,Bread,52,15,9,4,0,51.03
2023-09-16,Bread,66,16,9,5,0,65.32
2023-09-17,Bread,57,17,9,6,0,59.9
2023-09-18,Bread,40,18,9,0,0,43.83
2023-09-19,Bread,53,19,9,1,0,50.95
2023-09-20,Bread,65,20,9,2,0,59.9
2023-09-21,Bread,51,21,9,3,0,51.68
2023-09-22,Bread,52,22,9,4,0,51.8
2023-09-23,Bread,71,23,9,5,0,67.07
2023-09-24,Bread,65,24,9,6,0,64.24
2023-09-25,Bread,53,25,9,0,0,51.56
2023-09-26,Bread,54,26,9,1,0,53.16
2023-09-27,Bread,53,27,9,2,0,53.01
2023-09-28,Bread,46,28,9,3,0,46.9
2023-09-29,Bread,45,29,9,4,0,46.69
2023-09-30,Bread,72,30,9,5,0,71.28
2023-10-01,Bread,63,1,10,6,0,63.52
2023-10-02,Bread,53,2,10,0,0,52.95
2023-10-03,Bread,52,3,10,1,0,52.98
2023-10-04,Bread,56,4,10,2,0,55.95
2023-10-05,Bread,65,5,10,3,0,60.83
2023-10-06,Bread,55,6,10,4,0,55.87
2023-10-07,Bread,60,7,10,5,0,61.59
2023-10-08,Bread,62,8,10,6,0,62.81
2023-10-09,Bread,58,9,10,0,0,55.06
2023-10-10,Bread,50,10,10,1,0,51.1
2023-10-11,Bread,57,11,10,2,0,54.01
2023-10-12,Bread,41,12,10,3,0,45.58
2023-10-13,Bread,52,13,10,4,0,50.43
2023-10-14,Bread,66,14,10,5,0,65.12
2023-10-15,Bread,69,15,10,6,0,65.9
2023-10-16,Bread,49,16,10,0,0,48.83
2023-10-17,Bread,45,17,10,1,0,46.95
2023-10-18,Bread,52,18,10,2,0,50.83
2023-10-19,Bread,47,19,10,3,0,47.83
2023-10-20,Bread,52,20,10,4,0,53.14
2023-10-21,Bread,63,21,10,5,0,62.96
2023-10-22,Bread,57,22,10,6,0,59.76
2023-10-23,Bread,57,23,10,0,0,55.66
2023-10-24,Bread,53,24,10,1,0,53.65
2023-10-25,Bread,59,25,10,2,0,56.88
2023-10-26,Bread,44,26,10,3,0,47.12
2023-10-27,Bread,48,27,10,4,0,48.26
2023-10-28,Bread,66,28,10,5,0,64.21
2023-10-29,Bread,60,29,10,6,0,62.36
2023-10-30,Bread,53,30,10,0,0,53.09
2023-10-31,Bread,54,31,10,1,0,53.53
2023-11-01,Bread,55,1,11,2,0,55.16
2023-11-02,Bread,50,2,11,3,0,51.65
2023-11-03,Bread,55,3,11,4,0,54.49
2023-11-04,Bread,60,4,11,5,0,61.05
2023-11-05,Bread,67,5,11,6,0,64.53
2023-11-06,Bread,53,6,11,0,0,54.11
2023-11-07,Bread,55,7,11,1,0,54.18
2023-11-08,Bread,67,8,11,2,0,62.27
2023-11-09,Bread,49,9,11,3,0,51.86
2023-11-10,Bread,61,10,11,4,0,57.88
2023-11-11,Bread,51,11,11,5,0,56.99
2023-11-12,Bread,54,12,11,6,0,56.5
2023-11-13,Bread,48,13,11,0,0,49.49
2023-11-14,Bread,49,14,11,1,0,49.4
2023-11-15,Bread,55,15,11,2,0,54.17
2023-11-16,Bread,56,16,11,3,0,54.0
2023-11-17,Bread,53,17,11,4,0,55.11
2023-11-18,Bread,64,18,11,5,0,63.26
2023-11-19,Bread,67,19,11,6,0,65.19
2023-11-20,Bread,59,20,11,0,0,56.89
2023-11-21,Bread,48,21,11,1,0,49.93
2023-11-22,Bread,53,22,11,2,0,53.45
2023-11-23,Bread,55,23,11,3,0,54.57
2023-11-24,Bread,57,24,11,4,0,56.14
2023-11-25,Bread,61,25,11,5,0,61.97
2023-11-26,Bread,65,26,11,6,0,63.8
2023-11-27,Bread,55,27,11,0,0,54.72
2023-11-28,Bread,52,28,11,1,0,53.24
2023-11-29,Bread,52,29,11,2,0,53.37
2023-11-30,Bread,56,30,11,3,0,54.9
2023-12-01,Bread,55,1,12,4,0,55.4
2023-12-02,Bread,68,2,12,5,0,66.22
2023-12-03,Bread,60,3,12,6,0,62.83
2023-12-04,Bread,54,4,12,0,0,54.3
2023-12-05,Bread,54,5,12,1,0,54.15
2023-12-06,Bread,60,6,12,2,0,58.28
2023-12-07,Bread,51,7,12,3,0,52.61
2023-12-08,Bread,57,8,12,4,0,58.08
2023-12-09,Bread,67,9,12,5,0,66.85
2023-12-10,Bread,74,10,12,6,0,69.96
2023-12-11,Bread,51,11,12,0,0,51.65
2023-12-12,Bread,53,12,12,1,0,52.19
2023-12-13,Bread,51,13,12,2,0,52.04
2023-12-14,Bread,48,14,12,3,0,49.04
2023-12-15,Bread,65,15,12,4,0,61.17
2023-12-16,Bread,60,16,12,5,0,62.03
2023-12-17,Bread,62,17,12,6,0,62.16
2023-12-18,Bread,63,18,12,0,0,58.3
2023-12-19,Bread,47,19,12,1,0,51.68
2023-12-20,Bread,60,20,12,2,0,57.65
2023-12-21,Bread,49,21,12,3,0,51.51
2023-12-22,Bread,63,22,12,4,0,61.43
2023-12-23,Bread,56,23,12,5,0,58.87
2023-12-24,Bread,58,24,12,6,0,59.85
2023-12-25,Bread,54,25,12,0,0,56.17
2023-12-26,Bread,61,26,12,1,0,58.35
2023-12-27,Bread,56,27,12,2,0,56.57
2023-12-28,Bread,55,28,12,3,0,55.12
2023-12-29,Bread,63,29,12,4,0,61.39
2023-12-30,Bread,77,30,12,5,0,73.32
2023-12-31,Bread,70,31,12,6,0,70.44
2023-01-01,Rice,39,1,1,6,3,38.63
2023-01-02,Rice,20,2,1,0,3,22.82
2023-01-03,Rice,20,3,1,1,3,22.02
2023-01-04,Rice,25,4,1,2,3,25.27
2023-01-05,Rice,27,5,1,3,3,25.89
2023-01-06,Rice,29,6,1,4,3,27.78
2023-01-07,Rice,41,7,1,5,3,36.5
2023-01-08,Rice,39,8,1,6,3,37.88
2023-01-09,Rice,33,9,1,0,3,31.17
2023-01-10,Rice,27,10,1,1,3,25.85
2023-01-11,Rice,22,11,1,2,3,23.47
2023-01-12,Rice,26,12,1,3,3,25.59
2023-01-13,Rice,26,13,1,4,3,26.21
2023-01-14,Rice,23,14,1,5,3,27.49
2023-01-15,Rice,33,15,1,6,3,32.97
2023-01-16,Rice,28,16,1,0,3,28.26
2023-01-17,Rice,24,17,1,1,3,24.67
2023-01-18,Rice,23,18,1,2,3,23.33
2023-01-19,Rice,31,19,1,3,3,28.61
2023-01-20,Rice,22,20,1,4,3,24.18
2023-01-21,Rice,40,21,1,5,3,36.99
2023-01-22,Rice,30,22,1,6,3,32.11
2023-01-23,Rice,40,23,1,0,3,35.85
2023-01-24,Rice,26,24,1,1,3,29.13
2023-01-25,Rice,25,25,1,2,3,24.18
2023-01-26,Rice,33,26,1,3,3,30.21
2023-01-27,Rice,25,27,1,4,3,27.0
2023-01-28,Rice,44,28,1,5,3,41.18
2023-01-29,Rice,39,29,1,6,3,39.56
2023-01-30,Rice,26,30,1,0,3,27.87
2023-01-31,Rice,26,31,1,1,3,25.56
2023-02-01,Rice,33,1,2,2,3,28.92
2023-02-02,Rice,28,2,2,3,3,28.35
2023-02-03,Rice,29,3,2,4,3,28.33
2023-02-04,Rice,40,4,2,5,3,37.9
2023-02-05,Rice,38,5,2,6,3,38.46
2023-02-06,Rice,30,6,2,0,3,29.5
2023-02-07,Rice,27,7,2,1,3,28.09
2023-02-08,Rice,27,8,2,2,3,27.21
2023-02-09,Rice,22,9,2,3,3,24.76
2023-02-10,Rice,29,10,2,4,3,27.84
2023-02-11,Rice,29,11,2,5,3,32.09
2023-02-12,Rice,39,12,2,6,3,36.48
2023-02-13,Rice,26,13,2,0,3,27.11
2023-02-14,Rice,30,14,2,1,3,28.86
2023-02-15,Rice,23,15,2,2,3,25.35
2023-02-16,Rice,17,16,2,3,3,20.6
2023-02-17,Rice,26,17,2,4,3,25.96
2023-02-18,Rice,33,18,2,5,3,34.94
2023-02-19,Rice,29,19,2,6,3,32.04
2023-02-20,Rice,32,20,2,0,3,30.44
2023-02-21,Rice,36,21,2,1,3,33.12
2023-02-22,Rice,24,22,2,2,3,26.59
2023-02-23,Rice,28,23,2,3,3,27.61
2023-02-24,Rice,27,24,2,4,3,27.54
2023-02-25,Rice,35,25,2,5,3,35.44
2023-02-26,Rice,42,26,2,6,3,38.21
2023-02-27,Rice,33,27,2,0,3,30.8
2023-02-28,Rice,24,28,2,1,3,25.55
2023-03-01,Rice,29,1,3,2,3,30.48
2023-03-02,Rice,35,2,3,3,3,33.35
2023-03-03,Rice,32,3,3,4,3,31.7
2023-03-04,Rice,43,4,3,5,3,43.07
2023-03-05,Rice,46,5,3,6,3,44.12
2023-03-06,Rice,36,6,3,0,3,34.5
2023-03-07,Rice,34,7,3,1,3,33.71
2023-03-08,Rice,30,8,3,2,3,29.68
2023-03-09,Rice,27,9,3,3,3,27.61
2023-03-10,Rice,29,10,3,4,3,29.51
2023-03-11,Rice,36,11,3,5,3,37.05
2023-03-12,Rice,29,12,3,6,3,30.96
2023-03-13,Rice,28,13,3,0,3,28.63
2023-03-14,Rice,31,14,3,1,3,29.05
2023-03-15,Rice,26,15,3,2,3,27.67
2023-03-16,Rice,28,16,3,3,3,27.4
2023-03-17,Rice,29,17,3,4,3,29.04
2023-03-18,Rice,46,18,3,5,3,43.08
2023-03-19,Rice,38,19,3,6,3,39.14
2023-03-20,Rice,36,20,3,0,3,32.29
2023-03-21,Rice,16,21,3,1,3,21.78
2023-03-22,Rice,36,22,3,2,3,32.63
2023-03-23,Rice,36,23,3,3,3,34.75
2023-03-24,Rice,34,24,3,4,3,33.32
2023-03-25,Rice,30,25,3,5,3,35.06
2023-03-26,Rice,45,26,3,6,3,42.48
2023-03-27,Rice,30,27,3,0,3,27.45
2023-03-28,Rice,17,28,3,1,3,19.66
2023-03-29,Rice,36,29,3,2,3,32.03
2023-03-30,Rice,37,30,3,3,3,34.59
2023-03-31,Rice,20,31,3,4,3,25.22
2023-04-01,Rice,41,1,4,5,3,42.4
2023-04-02,Rice,47,2,4,6,3,45.67
2023-04-03,Rice,36,3,4,0,3,32.6
2023-04-04,Rice,34,4,4,1,3,33.79
2023-04-05,Rice,17,5,4,2,3,23.86
2023-04-06,Rice,34,6,4,3,3,31.67
2023-04-07,Rice,29,7,4,4,3,29.13
2023-04-08,Rice,45,8,4,5,3,41.88
2023-04-09,Rice,42,9,4,6,3,41.87
2023-04-10,Rice,30,10,4,0,3,31.0
2023-04-11,Rice,34,11,4,1,3,32.45
2023-04-12,Rice,30,12,4,2,3,29.11
2023-04-13,Rice,31,13,4,3,3,30.24
2023-04-14,Rice,28,14,4,4,3,28.61
2023-04-15,Rice,33,15,4,5,3,35.88
2023-04-16,Rice,44,16,4,6,3,41.61
2023-04-17,Rice,27,17,4,0,3,28.4
2023-04-18,Rice,30,18,4,1,3,28.61
2023-04-19,Rice,32,19,4,2,3,33.82
2023-04-20,Rice,21,20,4,3,3,24.35
2023-04-21,Rice,22,21,4,4,3,22.75
2023-04-22,Rice,40,22,4,5,3,39.6
2023-04-23,Rice,43,23,4,6,3,42.61
2023-04-24,Rice,35,24,4,0,3,32.44
2023-04-25,Rice,23,25,4,1,3,24.42
2023-04-26,Rice,34,26,4,2,3,32.83
2023-04-27,Rice,30,27,4,3,3,30.27
2023-04-28,Rice,27,28,4,4,3,27.23
2023-04-29,Rice,38,29,4,5,3,39.65
2023-04-30,Rice,46,30,4,6,3,43.92
2023-05-01,Rice,33,1,5,0,3,32.14
2023-05-02,Rice,32,2,5,1,3,32.33
2023-05-03,Rice,33,3,5,2,3,32.9
2023-05-04,Rice,36,4,5,3,3,34.77
2023-05-05,Rice,31,5,5,4,3,32.24
2023-05-06,Rice,42,6,5,5,3,42.47
2023-05-07,Rice,48,7,5,6,3,47.6
2023-05-08,Rice,30,8,5,0,3,31.96
2023-05-09,Rice,35,9,5,1,3,31.61
2023-05-10,Rice,29,10,5,2,3,30.38
2023-05-11,Rice,30,11,5,3,3,33.47
2023-05-12,Rice,32,12,5,4,3,33.25
2023-05-13,Rice,45,13,5,5,3,43.54
2023-05-14,Rice,48,14,5,6,3,46.61
2023-05-15,Rice,33,15,5,0,3,31.72
2023-05-16,Rice,25,16,5,1,3,28.26
2023-05-17,Rice,36,17,5,2,3,35.06
2023-05-18,Rice,45,18,5,3,3,42.37
2023-05-19,Rice,33,19,5,4,3,35.16
2023-05-20,Rice,34,20,5,5,3,37.34
2023-05-21,Rice,43,21,5,6,3,43.12
2023-05-22,Rice,33,22,5,0,3,32.73
2023-05-23,Rice,32,23,5,1,3,32.87
2023-05-24,Rice,37,24,5,2,3,36.02
2023-05-25,Rice,40,25,5,3,3,37.77
2023-05-26,Rice,36,26,5,4,3,35.5
2023-05-27,Rice,42,27,5,5,3,41.74
2023-05-28,Rice,49,28,5,6,3,46.28
2023-05-29,Rice,25,29,5,0,3,27.41
2023-05-30,Rice,29,30,5,1,3,30.32
2023-05-31,Rice,30,31,5,2,3,30.84
2023-06-01,Rice,33,1,6,3,3,31.2
2023-06-02,Rice,36,2,6,4,3,35.78
2023-06-03,Rice,42,3,6,5,3,43.26
2023-06-04,Rice,39,4,6,6,3,40.95
2023-06-05,Rice,38,5,6,0,3,36.36
2023-06-06,Rice,32,6,6,1,3,34.55
2023-06-07,Rice,34,7,6,2,3,34.01
2023-06-08,Rice,36,8,6,3,3,34.77
2023-06-09,Rice,34,9,6,4,3,33.32
2023-06-10,Rice,44,10,6,5,3,44.49
2023-06-11,Rice,49,11,6,6,3,48.01
2023-06-12,Rice,34,12,6,0,3,34.41
2023-06-13,Rice,38,13,6,1,3,36.57
2023-06-14,Rice,36,14,6,2,3,35.48
2023-06-15,Rice,44,15,6,3,3,40.97
2023-06-16,Rice,36,16,6,4,3,37.09
2023-06-17,Rice,47,17,6,5,3,45.3
2023-06-18,Rice,49,18,6,6,3,47.43
2023-06-19,Rice,34,19,6,0,3,34.04
2023-06-20,Rice,31,20,6,1,3,32.54
2023-06-21,Rice,32,21,6,2,3,32.41
2023-06-22,Rice,32,22,6,3,3,33.5
2023-06-23,Rice,29,23,6,4,3,31.13
2023-06-24,Rice,46,24,6,5,3,43.8
2023-06-25,Rice,41,25,6,6,3,43.56
2023-06-26,Rice,35,26,6,0,3,34.15
2023-06-27,Rice,34,27,6,1,3,33.51
2023-06-28,Rice,34,28,6,2,3,31.22
2023-06-29,Rice,37,29,6,3,3,34.55
2023-06-30,Rice,32,30,6,4,3,32.61
2023-07-01,Rice,48,1,7,5,3,47.79
2023-07-02,Rice,52,2,7,6,3,49.85
2023-07-03,Rice,36,3,7,0,3,35.16
2023-07-04,Rice,31,4,7,1,3,32.76
2023-07-05,Rice,32,5,7,2,3,33.1
2023-07-06,Rice,34,6,7,3,3,34.14
2023-07-07,Rice,32,7,7,4,3,31.76
2023-07-08,Rice,40,8,7,5,3,43.24
2023-07-09,Rice,46,9,7,6,3,45.6
2023-07-10,Rice,34,10,7,0,3,34.58
2023-07-11,Rice,36,11,7,1,3,35.43
2023-07-12,Rice,41,12,7,2,3,39.1
2023-07-13,Rice,34,13,7,3,3,35.82
2023-07-14,Rice,29,14,7,4,3,33.05
2023-07-15,Rice,43,15,7,5,3,43.74
2023-07-16,Rice,49,16,7,6,3,48.19
2023-07-17,Rice,39,17,7,0,3,37.81
2023-07-18,Rice,38,18,7,1,3,37.38
2023-07-19,Rice,32,19,7,2,3,34.61
2023-07-20,Rice,39,20,7,3,3,38.52
2023-07-21,Rice,40,21,7,4,3,38.12
2023-07-22,Rice,42,22,7,5,3,43.55
2023-07-23,Rice,45,23,7,6,3,45.25
2023-07-24,Rice,46,24,7,0,3,40.52
2023-07-25,Rice,32,25,7,1,3,33.78
2023-07-26,Rice,27,26,7,2,3,30.48
2023-07-27,Rice,43,27,7,3,3,40.64
2023-07-28,Rice,42,28,7,4,3,40.0
2023-07-29,Rice,44,29,7,5,3,45.56
2023-07-30,Rice,45,30,7,6,3,46.91
2023-07-31,Rice,30,31,7,0,3,33.5
2023-08-01,Rice,37,1,8,1,3,36.86
2023-08-02,Rice,42,2,8,2,3,39.63
2023-08-03,Rice,34,3,8,3,3,35.77
2023-08-04,Rice,41,4,8,4,3,38.23
2023-08-05,Rice,49,5,8,5,3,47.15
2023-08-06,Rice,49,6,8,6,3,47.01
2023-08-07,Rice,34,7,8,0,3,33.82
2023-08-08,Rice,35,8,8,1,3,35.53
2023-08-09,Rice,27,9,8,2,3,30.26
2023-08-10,Rice,34,10,8,3,3,33.39
2023-08-11,Rice,42,11,8,4,3,41.32
2023-08-12,Rice,42,12,8,5,3,42.49
2023-08-13,Rice,43,13,8,6,3,44.32
2023-08-14,Rice,40,14,8,0,3,38.67
2023-08-15,Rice,39,15,8,1,3,37.84
2023-08-16,Rice,40,16,8,2,3,38.78
2023-08-17,Rice,31,17,8,3,3,33.45
2023-08-18,Rice,50,18,8,4,3,44.37
2023-08-19,Rice,41,19,8,5,3,42.64
2023-08-20,Rice,48,20,8,6,3,47.29
2023-08-21,Rice,36,21,8,0,3,36.13
2023-08-22,Rice,31,22,8,1,3,32.73
2023-08-23,Rice,35,23,8,2,3,33.88
2023-08-24,Rice,37,24,8,3,3,37.85
2023-08-25,Rice,34,25,8,4,3,36.02
2023-08-26,Rice,52,26,8,5,3,50.07
2023-08-27,Rice,47,27,8,6,3,47.17
2023-08-28,Rice,31,28,8,0,3,33.28
2023-08-29,Rice,30,29,8,1,3,32.28
2023-08-30,Rice,41,30,8,2,3,36.69
2023-08-31,Rice,30,31,8,3,3,32.8
2023-09-01,Rice,39,1,9,4,3,38.76
2023-09-02,Rice,50,2,9,5,3,49.42
2023-09-03,Rice,43,3,9,6,3,45.12
2023-09-04,Rice,42,4,9,0,3,40.09
2023-09-05,Rice,29,5,9,1,3,34.17
2023-09-06,Rice,39,6,9,2,3,37.64
2023-09-07,Rice,38,7,9,3,3,38.22
2023-09-08,Rice,37,8,9,4,3,36.96
2023-09-09,Rice,42,9,9,5,3,42.03
2023-09-10,Rice,43,10,9,6,3,43.23
2023-09-11,Rice,46,11,9,0,3,43.75
2023-09-12,Rice,44,12,9,1,3,43.79
2023-09-13,Rice,42,13,9,2,3,41.18
2023-09-14,Rice,43,14,9,3,3,40.85
2023-09-15,Rice,43,15,9,4,3,42.12
2023-09-16,Rice,47,16,9,5,3,47.32
2023-09-17,Rice,49,17,9,6,3,48.71
2023-09-18,Rice,31,18,9,0,3,34.55
2023-09-19,Rice,38,19,9,1,3,38.53
2023-09-20,Rice,45,20,9,2,3,43.33
2023-09-21,Rice,35,21,9,3,3,37.82
2023-09-22,Rice,44,22,9,4,3,42.05
2023-09-23,Rice,49,23,9,5,3,47.66
2023-09-24,Rice,42,24,9,6,3,43.91
2023-09-25,Rice,33,25,9,0,3,35.29
2023-09-26,Rice,44,26,9,1,3,41.5
2023-09-27,Rice,42,27,9,2,3,41.18
2023-09-28,Rice,40,28,9,3,3,40.35
2023-09-29,Rice,38,29,9,4,3,39.18
2023-09-30,Rice,50,30,9,5,3,50.87
2023-10-01,Rice,54,1,10,6,3,52.24
2023-10-02,Rice,47,2,10,0,3,44.33
2023-10-03,Rice,47,3,10,1,3,45.88
2023-10-04,Rice,41,4,10,2,3,42.64
2023-10-05,Rice,39,5,10,3,3,39.91
2023-10-06,Rice,40,6,10,4,3,40.63
2023-10-07,Rice,52,7,10,5,3,52.23
2023-10-08,Rice,52,8,10,6,3,52.61
2023-10-09,Rice,46,9,10,0,3,45.92
2023-10-10,Rice,50,10,10,1,3,48.01
2023-10-11,Rice,39,11,10,2,3,41.52
2023-10-12,Rice,51,12,10,3,3,47.49
2023-10-13,Rice,46,13,10,4,3,45.99
2023-10-14,Rice,49,14,10,5,3,50.59
2023-10-15,Rice,57,15,10,6,3,55.39
2023-10-16,Rice,48,16,10,0,3,45.66
2023-10-17,Rice,38,17,10,1,3,41.19
2023-10-18,Rice,49,18,10,2,3,45.37
2023-10-19,Rice,45,19,10,3,3,45.32
2023-10-20,Rice,52,20,10,4,3,49.4
2023-10-21,Rice,48,21,10,5,3,47.77
2023-10-22,Rice,48,22,10,6,3,49.81
2023-10-23,Rice,30,23,10,0,3,34.51
2023-10-24,Rice,43,24,10,1,3,39.52
2023-10-25,Rice,42,25,10,2,3,42.19
2023-10-26,Rice,38,26,10,3,3,39.28
2023-10-27,Rice,40,27,10,4,3,40.86
2023-10-28,Rice,44,28,10,5,3,45.17
2023-10-29,Rice,57,29,10,6,3,55.05
2023-10-30,Rice,38,30,10,0,3,42.1
2023-10-31,Rice,56,31,10,1,3,49.68
2023-11-01,Rice,40,1,11,2,3,39.87
2023-11-02,Rice,37,2,11,3,3,39.0
2023-11-03,Rice,39,3,11,4,3,39.5
2023-11-04,Rice,44,4,11,5,3,45.69
2023-11-05,Rice,53,5,11,6,3,49.63
2023-11-06,Rice,39,6,11,0,3,41.65
2023-11-07,Rice,47,7,11,1,3,47.03
2023-11-08,Rice,40,8,11,2,3,41.88
2023-11-09,Rice,48,9,11,3,3,45.72
2023-11-10,Rice,45,10,11,4,3,44.65
2023-11-11,Rice,51,11,11,5,3,52.46
2023-11-12,Rice,59,12,11,6,3,56.04
2023-11-13,Rice,46,13,11,0,3,45.6
2023-11-14,Rice,56,14,11,1,3,51.15
2023-11-15,Rice,39,15,11,2,3,41.47
2023-11-16,Rice,42,16,11,3,3,43.0
2023-11-17,Rice,49,17,11,4,3,47.4
2023-11-18,Rice,44,18,11,5,3,47.23
2023-11-19,Rice,58,19,11,6,3,56.35
2023-11-20,Rice,44,20,11,0,3,41.65
2023-11-21,Rice,37,21,11,1,3,36.35
2023-11-22,Rice,35,22,11,2,3,37.64
2023-11-23,Rice,38,23,11,3,3,37.67
2023-11-24,Rice,30,24,11,4,3,34.29
2023-11-25,Rice,50,25,11,5,3,50.39
2023-11-26,Rice,55,26,11,6,3,54.92
2023-11-27,Rice,40,27,11,0,3,41.17
2023-11-28,Rice,49,28,11,1,3,46.04
2023-11-29,Rice,50,29,11,2,3,48.54
2023-11-30,Rice,49,30,11,3,3,46.09
2023-12-01,Rice,43,1,12,4,3,42.25
2023-12-02,Rice,41,2,12,5,3,47.12
2023-12-03,Rice,49,3,12,6,3,49.59
2023-12-04,Rice,42,4,12,0,3,41.94
2023-12-05,Rice,38,5,12,1,3,39.89
2023-12-06,Rice,42,6,12,2,3,42.27
2023-12-07,Rice,51,7,12,3,3,47.92
2023-12-08,Rice,34,8,12,4,3,38.81
2023-12-09,Rice,62,9,12,5,3,59.03
2023-12-10,Rice,57,10,12,6,3,56.15
2023-12-11,Rice,44,11,12,0,3,42.05
2023-12-12,Rice,39,12,12,1,3,40.15
2023-12-13,Rice,38,13,12,2,3,38.99
2023-12-14,Rice,35,14,12,3,3,38.81
2023-12-15,Rice,52,15,12,4,3,47.55
2023-12-16,Rice,61,16,12,5,3,58.37
2023-12-17,Rice,46,17,12,6,3,49.37
2023-12-18,Rice,40,18,12,0,3,40.38
2023-12-19,Rice,45,19,12,1,3,44.18
2023-12-20,Rice,42,20,12,2,3,42.24
2023-12-21,Rice,34,21,12,3,3,35.96
2023-12-22,Rice,40,22,12,4,3,40.35
2023-12-23,Rice,63,23,12,5,3,59.04
2023-12-24,Rice,50,24,12,6,3,53.3
2023-12-25,Rice,43,25,12,0,3,43.49
2023-12-26,Rice,38,26,12,1,3,39.59
2023-12-27,Rice,46,27,12,2,3,43.34
2023-12-28,Rice,44,28,12,3,3,43.45
2023-12-29,Rice,40,29,12,4,3,41.43
2023-12-30,Rice,47,30,12,5,3,50.11
2023-12-31,Rice,61,31,12,6,3,59.61
2023-01-01,Eggs,36,1,1,6,1,40.59
2023-01-02,Eggs,32,2,1,0,1,35.52
2023-01-03,Eggs,44,3,1,1,1,40.48
2023-01-04,Eggs,36,4,1,2,1,37.36
2023-01-05,Eggs,36,5,1,3,1,36.25
2023-01-06,Eggs,39,6,1,4,1,38.15
2023-01-07,Eggs,45,7,1,5,1,44.58
2023-01-08,Eggs,43,8,1,6,1,43.46
2023-01-09,Eggs,33,9,1,0,1,34.17
2023-01-10,Eggs,34,10,1,1,1,34.18
2023-01-11,Eggs,34,11,1,2,1,35.79
2023-01-12,Eggs,38,12,1,3,1,36.96
2023-01-13,Eggs,34,13,1,4,1,35.06
2023-01-14,Eggs,48,14,1,5,1,46.48
2023-01-15,Eggs,44,15,1,6,1,44.4
2023-01-16,Eggs,35,16,1,0,1,33.84
2023-01-17,Eggs,24,17,1,1,1,28.21
2023-01-18,Eggs,39,18,1,2,1,36.5
2023-01-19,Eggs,36,19,1,3,1,35.85
2023-01-20,Eggs,39,20,1,4,1,37.06
2023-01-21,Eggs,30,21,1,5,1,36.92
2023-01-22,Eggs,55,22,1,6,1,47.26
2023-01-23,Eggs,34,23,1,0,1,34.84
2023-01-24,Eggs,40,24,1,1,1,37.33
2023-01-25,Eggs,30,25,1,2,1,32.54
2023-01-26,Eggs,38,26,1,3,1,35.61
2023-01-27,Eggs,30,27,1,4,1,32.46
2023-01-28,Eggs,42,28,1,5,1,44.38
2023-01-29,Eggs,55,29,1,6,1,52.37
2023-01-30,Eggs,34,30,1,0,1,34.99
2023-01-31,Eggs,36,31,1,1,1,35.77
2023-02-01,Eggs,39,1,2,2,1,38.58
2023-02-02,Eggs,38,2,2,3,1,38.81
2023-02-03,Eggs,36,3,2,4,1,36.63
2023-02-04,Eggs,47,4,2,5,1,48.18
2023-02-05,Eggs,57,5,2,6,1,52.74
2023-02-06,Eggs,35,6,2,0,1,35.48
2023-02-07,Eggs,36,7,2,1,1,35.69
2023-02-08,Eggs,41,8,2,2,1,38.34
2023-02-09,Eggs,41,9,2,3,1,40.6
2023-02-10,Eggs,41,10,2,4,1,38.97
2023-02-11,Eggs,49,11,2,5,1,47.14
2023-02-12,Eggs,40,12,2,6,1,41.59
2023-02-13,Eggs,44,13,2,0,1,39.36
2023-02-14,Eggs,30,14,2,1,1,32.26
2023-02-15,Eggs,37,15,2,2,1,37.88
2023-02-16,Eggs,32,16,2,3,1,34.45
2023-02-17,Eggs,36,17,2,4,1,35.77
2023-02-18,Eggs,48,18,2,5,1,49.15
2023-02-19,Eggs,48,19,2,6,1,46.91
2023-02-20,Eggs,38,20,2,0,1,38.01
2023-02-21,Eggs,44,21,2,1,1,39.27
2023-02-22,Eggs,38,22,2,2,1,39.8
2023-02-23,Eggs,35,23,2,3,1,35.61
2023-02-24,Eggs,41,24,2,4,1,38.25
2023-02-25,Eggs,52,25,2,5,1,49.37
2023-02-26,Eggs,40,26,2,6,1,45.12
2023-02-27,Eggs,39,27,2,0,1,39.93
2023-02-28,Eggs,40,28,2,1,1,39.7
2023-03-01,Eggs,35,1,3,2,1,36.49
2023-03-02,Eggs,43,2,3,3,1,40.53
2023-03-03,Eggs,36,3,3,4,1,36.54
2023-03-04,Eggs,47,4,3,5,1,47.21
2023-03-05,Eggs,46,5,3,6,1,47.65
2023-03-06,Eggs,37,6,3,0,1,36.37
2023-03-07,Eggs,31,7,3,1,1,32.93
2023-03-08,Eggs,30,8,3,2,1,33.21
2023-03-09,Eggs,45,9,3,3,1,40.42
2023-03-10,Eggs,33,10,3,4,1,35.35
2023-03-11,Eggs,42,11,3,5,1,43.5
2023-03-12,Eggs,36,12,3,6,1,38.52
2023-03-13,Eggs,34,13,3,0,1,36.13
2023-03-14,Eggs,31,14,3,1,1,32.18
2023-03-15,Eggs,45,15,3,2,1,42.25
2023-03-16,Eggs,42,16,3,3,1,39.73
2023-03-17,Eggs,34,17,3,4,1,35.61
2023-03-18,Eggs,59,18,3,5,1,54.54
2023-03-19,Eggs,52,19,3,6,1,51.0
2023-03-20,Eggs,36,20,3,0,1,35.74
2023-03-21,Eggs,25,21,3,1,1,31.51
2023-03-22,Eggs,49,22,3,2,1,41.75
2023-03-23,Eggs,31,23,3,3,1,33.66
2023-03-24,Eggs,29,24,3,4,1,32.08
2023-03-25,Eggs,53,25,3,5,1,53.84
2023-03-26,Eggs,60,26,3,6,1,56.35
2023-03-27,Eggs,45,27,3,0,1,42.2
2023-03-28,Eggs,41,28,3,1,1,40.97
2023-03-29,Eggs,41,29,3,2,1,41.03
2023-03-30,Eggs,42,30,3,3,1,41.55
2023-03-31,Eggs,42,31,3,4,1,40.86
2023-04-01,Eggs,49,1,4,5,1,47.88
2023-04-02,Eggs,49,2,4,6,1,48.95
2023-04-03,Eggs,38,3,4,0,1,37.89
2023-04-04,Eggs,34,4,4,1,1,35.05
2023-04-05,Eggs,37,5,4,2,1,35.92
2023-04-06,Eggs,30,6,4,3,1,33.51
2023-04-07,Eggs,38,7,4,4,1,36.06
2023-04-08,Eggs,43,8,4,5,1,44.11
2023-04-09,Eggs,43,9,4,6,1,43.48
2023-04-10,Eggs,39,10,4,0,1,39.51
2023-04-11,Eggs,46,11,4,1,1,42.81
2023-04-12,Eggs,43,12,4,2,1,41.62
2023-04-13,Eggs,31,13,4,3,1,34.2
2023-04-14,Eggs,34,14,4,4,1,33.83
2023-04-15,Eggs,53,15,4,5,1,50.97
2023-04-16,Eggs,44,16,4,6,1,46.02
2023-04-17,Eggs,38,17,4,0,1,37.72
2023-04-18,Eggs,42,18,4,1,1,38.88
2023-04-19,Eggs,34,19,4,2,1,37.77
2023-04-20,Eggs,40,20,4,3,1,38.73
2023-04-21,Eggs,32,21,4,4,1,33.54
2023-04-22,Eggs,46,22,4,5,1,47.81
2023-04-23,Eggs,51,23,4,6,1,50.08
2023-04-24,Eggs,31,24,4,0,1,34.09
2023-04-25,Eggs,41,25,4,1,1,38.97
2023-04-26,Eggs,39,26,4,2,1,39.05
2023-04-27,Eggs,42,27,4,3,1,41.0
2023-04-28,Eggs,41,28,4,4,1,40.35
2023-04-29,Eggs,56,29,4,5,1,54.51
2023-04-30,Eggs,50,30,4,6,1,51.97
2023-05-01,Eggs,37,1,5,0,1,38.44
2023-05-02,Eggs,40,2,5,1,1,40.53
2023-05-03,Eggs,42,3,5,2,1,41.4
2023-05-04,Eggs,40,4,5,3,1,39.83
2023-05-05,Eggs,40,5,5,4,1,41.11
2023-05-06,Eggs,46,6,5,5,1,47.12
2023-05-07,Eggs,47,7,5,6,1,47.05
2023-05-08,Eggs,33,8,5,0,1,36.95
2023-05-09,Eggs,49,9,5,1,1,43.49
2023-05-10,Eggs,34,10,5,2,1,36.81
2023-05-11,Eggs,37,11,5,3,1,37.28
2023-05-12,Eggs,37,12,5,4,1,37.81
2023-05-13,Eggs,55,13,5,5,1,51.35
2023-05-14,Eggs,49,14,5,6,1,49.19
2023-05-15,Eggs,46,15,5,0,1,43.7
2023-05-16,Eggs,37,16,5,1,1,38.69
2023-05-17,Eggs,42,17,5,2,1,40.33
2023-05-18,Eggs,36,18,5,3,1,38.38
2023-05-19,Eggs,51,19,5,4,1,46.83
2023-05-20,Eggs,45,20,5,5,1,46.47
2023-05-21,Eggs,52,21,5,6,1,50.14
2023-05-22,Eggs,44,22,5,0,1,43.65
2023-05-23,Eggs,43,23,5,1,1,42.61
2023-05-24,Eggs,40,24,5,2,1,40.76
2023-05-25,Eggs,40,25,5,3,1,40.06
2023-05-26,Eggs,41,26,5,4,1,41.76
2023-05-27,Eggs,50,27,5,5,1,51.87
2023-05-28,Eggs,56,28,5,6,1,54.09
2023-05-29,Eggs,52,29,5,0,1,48.21
2023-05-30,Eggs,38,30,5,1,1,40.6
2023-05-31,Eggs,34,31,5,2,1,36.8
2023-06-01,Eggs,41,1,6,3,1,42.36
2023-06-02,Eggs,54,2,6,4,1,49.29
2023-06-03,Eggs,47,3,6,5,1,49.47
2023-06-04,Eggs,59,4,6,6,1,55.37
2023-06-05,Eggs,50,5,6,0,1,45.95
2023-06-06,Eggs,39,6,6,1,1,40.4
2023-06-07,Eggs,44,7,6,2,1,42.27
2023-06-08,Eggs,50,8,6,3,1,46.49
2023-06-09,Eggs,40,9,6,4,1,42.14
2023-06-10,Eggs,51,10,6,5,1,51.0
2023-06-11,Eggs,49,11,6,6,1,49.61
2023-06-12,Eggs,37,12,6,0,1,40.08
2023-06-13,Eggs,38,13,6,1,1,38.07
2023-06-14,Eggs,36,14,6,2,1,37.9
2023-06-15,Eggs,42,15,6,3,1,41.56
2023-06-16,Eggs,38,16,6,4,1,40.05
2023-06-17,Eggs,53,17,6,5,1,51.95
2023-06-18,Eggs,44,18,6,6,1,46.92
2023-06-19,Eggs,44,19,6,0,1,44.25
2023-06-20,Eggs,46,20,6,1,1,43.91
2023-06-21,Eggs,32,21,6,2,1,36.46
2023-06-22,Eggs,44,22,6,3,1,42.38
2023-06-23,Eggs,48,23,6,4,1,46.19
2023-06-24,Eggs,46,24,6,5,1,48.6
2023-06-25,Eggs,61,25,6,6,1,57.84
2023-06-26,Eggs,44,26,6,0,1,43.99
2023-06-27,Eggs,39,27,6,1,1,39.93
2023-06-28,Eggs,42,28,6,2,1,41.39
2023-06-29,Eggs,45,29,6,3,1,44.14
2023-06-30,Eggs,43,30,6,4,1,42.14
2023-07-01,Eggs,55,1,7,5,1,52.31
2023-07-02,Eggs,48,2,7,6,1,49.36
2023-07-03,Eggs,44,3,7,0,1,43.59
2023-07-04,Eggs,36,4,7,1,1,38.18
2023-07-05,Eggs,42,5,7,2,1,41.08
2023-07-06,Eggs,38,6,7,3,1,39.95
2023-07-07,Eggs,39,7,7,4,1,39.99
2023-07-08,Eggs,59,8,7,5,1,58.33
2023-07-09,Eggs,58,9,7,6,1,57.97
2023-07-10,Eggs,46,10,7,0,1,44.3
2023-07-11,Eggs,38,11,7,1,1,39.8
2023-07-12,Eggs,42,12,7,2,1,41.45
2023-07-13,Eggs,49,13,7,3,1,46.26
2023-07-14,Eggs,44,14,7,4,1,43.82
2023-07-15,Eggs,65,15,7,5,1,61.37
2023-07-16,Eggs,55,16,7,6,1,57.27
2023-07-17,Eggs,44,17,7,0,1,43.19
2023-07-18,Eggs,42,18,7,1,1,42.08
2023-07-19,Eggs,44,19,7,2,1,43.6
2023-07-20,Eggs,43,20,7,3,1,43.36
2023-07-21,Eggs,47,21,7,4,1,45.39
2023-07-22,Eggs,58,22,7,5,1,57.11
2023-07-23,Eggs,50,23,7,6,1,51.97
2023-07-24,Eggs,37,24,7,0,1,39.2
2023-07-25,Eggs,35,25,7,1,1,37.22
2023-07-26,Eggs,46,26,7,2,1,42.92
2023-07-27,Eggs,38,27,7,3,1,39.02
2023-07-28,Eggs,33,28,7,4,1,36.15
2023-07-29,Eggs,56,29,7,5,1,57.03
2023-07-30,Eggs,67,30,7,6,1,63.24
2023-07-31,Eggs,44,31,7,0,1,42.42
2023-08-01,Eggs,48,1,8,1,1,45.35
2023-08-02,Eggs,45,2,8,2,1,45.7
2023-08-03,Eggs,44,3,8,3,1,44.7
2023-08-04,Eggs,49,4,8,4,1,47.78
2023-08-05,Eggs,53,5,8,5,1,54.22
2023-08-06,Eggs,56,6,8,6,1,55.64
2023-08-07,Eggs,46,7,8,0,1,45.39
2023-08-08,Eggs,41,8,8,1,1,42.88
2023-08-09,Eggs,50,9,8,2,1,48.76
2023-08-10,Eggs,44,10,8,3,1,45.34
2023-08-11,Eggs,41,11,8,4,1,43.07
2023-08-12,Eggs,57,12,8,5,1,56.08
2023-08-13,Eggs,50,13,8,6,1,53.1
2023-08-14,Eggs,45,14,8,0,1,45.33
2023-08-15,Eggs,45,15,8,1,1,44.9
2023-08-16,Eggs,50,16,8,2,1,48.39
2023-08-17,Eggs,47,17,8,3,1,46.91
2023-08-18,Eggs,45,18,8,4,1,45.19
2023-08-19,Eggs,59,19,8,5,1,58.71
2023-08-20,Eggs,62,20,8,6,1,60.16
2023-08-21,Eggs,48,21,8,0,1,47.81
2023-08-22,Eggs,45,22,8,1,1,44.97
2023-08-23,Eggs,39,23,8,2,1,41.62
2023-08-24,Eggs,40,24,8,3,1,40.74
2023-08-25,Eggs,44,25,8,4,1,42.79
2023-08-26,Eggs,52,26,8,5,1,53.32
2023-08-27,Eggs,55,27,8,6,1,55.64
2023-08-28,Eggs,46,28,8,0,1,45.22
2023-08-29,Eggs,48,29,8,1,1,47.04
2023-08-30,Eggs,45,30,8,2,1,45.73
2023-08-31,Eggs,48,31,8,3,1,47.39
2023-09-01,Eggs,46,1,9,4,1,46.29
2023-09-02,Eggs,46,2,9,5,1,48.37
2023-09-03,Eggs,51,3,9,6,1,51.74
2023-09-04,Eggs,45,4,9,0,1,44.39
2023-09-05,Eggs,40,5,9,1,1,41.37
2023-09-06,Eggs,49,6,9,2,1,48.74
2023-09-07,Eggs,54,7,9,3,1,51.94
2023-09-08,Eggs,52,8,9,4,1,50.56
2023-09-09,Eggs,55,9,9,5,1,56.13
2023-09-10,Eggs,64,10,9,6,1,61.2
2023-09-11,Eggs,47,11,9,0,1,46.24
2023-09-12,Eggs,45,12,9,1,1,44.83
2023-09-13,Eggs,43,13,9,2,1,44.6
2023-09-14,Eggs,45,14,9,3,1,45.49
2023-09-15,Eggs,44,15,9,4,1,44.06
2023-09-16,Eggs,57,16,9,5,1,57.14
2023-09-17,Eggs,57,17,9,6,1,58.13
2023-09-18,Eggs,47,18,9,0,1,47.1
2023-09-19,Eggs,49,19,9,1,1,48.26
2023-09-20,Eggs,53,20,9,2,1,51.54
2023-09-21,Eggs,51,21,9,3,1,49.47
2023-09-22,Eggs,39,22,9,4,1,41.87
2023-09-23,Eggs,44,23,9,5,1,49.89
2023-09-24,Eggs,62,24,9,6,1,59.61
2023-09-25,Eggs,40,25,9,0,1,41.49
2023-09-26,Eggs,46,26,9,1,1,45.51
2023-09-27,Eggs,41,27,9,2,1,42.37
2023-09-28,Eggs,38,28,9,3,1,41.1
2023-09-29,Eggs,50,29,9,4,1,48.47
2023-09-30,Eggs,61,30,9,5,1,61.24
2023-10-01,Eggs,54,1,10,6,1,54.37
2023-10-02,Eggs,34,2,10,0,1,39.32
2023-10-03,Eggs,45,3,10,1,1,44.06
2023-10-04,Eggs,49,4,10,2,1,48.03
2023-10-05,Eggs,40,5,10,3,1,43.22
2023-10-06,Eggs,48,6,10,4,1,47.62
2023-10-07,Eggs,57,7,10,5,1,57.13
2023-10-08,Eggs,60,8,10,6,1,58.84
2023-10-09,Eggs,48,9,10,0,1,46.73
2023-10-10,Eggs,43,10,10,1,1,44.24
2023-10-11,Eggs,54,11,10,2,1,51.15
2023-10-12,Eggs,47,12,10,3,1,47.06
2023-10-13,Eggs,48,13,10,4,1,46.98
2023-10-14,Eggs,53,14,10,5,1,54.46
2023-10-15,Eggs,56,15,10,6,1,56.62
2023-10-16,Eggs,44,16,10,0,1,45.14
2023-10-17,Eggs,47,17,10,1,1,47.08
2023-10-18,Eggs,57,18,10,2,1,53.42
2023-10-19,Eggs,41,19,10,3,1,44.47
2023-10-20,Eggs,40,20,10,4,1,43.13
2023-10-21,Eggs,66,21,10,5,1,62.75
2023-10-22,Eggs,57,22,10,6,1,58.46
2023-10-23,Eggs,45,23,10,0,1,45.91
2023-10-24,Eggs,54,24,10,1,1,50.97
2023-10-25,Eggs,45,25,10,2,1,47.73
2023-10-26,Eggs,58,26,10,3,1,52.9
2023-10-27,Eggs,52,27,10,4,1,50.34
2023-10-28,Eggs,56,28,10,5,1,58.57
2023-10-29,Eggs,69,29,10,6,1,64.33
2023-10-30,Eggs,46,30,10,0,1,47.09
2023-10-31,Eggs,52,31,10,1,1,50.3
2023-11-01,Eggs,50,1,11,2,1,51.54
2023-11-02,Eggs,55,2,11,3,1,53.5
2023-11-03,Eggs,57,3,11,4,1,55.05
2023-11-04,Eggs,59,4,11,5,1,58.66
2023-11-05,Eggs,55,5,11,6,1,56.44
2023-11-06,Eggs,51,6,11,0,1,50.49
2023-11-07,Eggs,46,7,11,1,1,48.4
2023-11-08,Eggs,59,8,11,2,1,55.36
2023-11-09,Eggs,50,9,11,3,1,50.75
2023-11-10,Eggs,47,10,11,4,1,48.08
2023-11-11,Eggs,60,11,11,5,1,58.27
2023-11-12,Eggs,53,12,11,6,1,55.18
2023-11-13,Eggs,44,13,11,0,1,46.56
2023-11-14,Eggs,55,14,11,1,1,51.45
2023-11-15,Eggs,46,15,11,2,1,47.87
2023-11-16,Eggs,44,16,11,3,1,45.75
2023-11-17,Eggs,52,17,11,4,1,49.83
2023-11-18,Eggs,66,18,11,5,1,64.12
2023-11-19,Eggs,63,19,11,6,1,63.12
2023-11-20,Eggs,55,20,11,0,1,52.4
2023-11-21,Eggs,46,21,11,1,1,47.67
2023-11-22,Eggs,43,22,11,2,1,46.36
2023-11-23,Eggs,57,23,11,3,1,52.56
2023-11-24,Eggs,48,24,11,4,1,49.09
2023-11-25,Eggs,59,25,11,5,1,61.16
2023-11-26,Eggs,67,26,11,6,1,64.27
2023-11-27,Eggs,53,27,11,0,1,53.25
2023-11-28,Eggs,52,28,11,1,1,52.15
2023-11-29,Eggs,61,29,11,2,1,56.52
2023-11-30,Eggs,47,30,11,3,1,50.07
2023-12-01,Eggs,55,1,12,4,1,54.13
2023-12-02,Eggs,61,2,12,5,1,58.3
2023-12-03,Eggs,62,3,12,6,1,59.89
2023-12-04,Eggs,58,4,12,0,1,55.63
2023-12-05,Eggs,53,5,12,1,1,53.77
2023-12-06,Eggs,53,6,12,2,1,53.44
2023-12-07,Eggs,56,7,12,3,1,54.08
2023-12-08,Eggs,49,8,12,4,1,51.12
2023-12-09,Eggs,56,9,12,5,1,57.04
2023-12-10,Eggs,55,10,12,6,1,56.76
2023-12-11,Eggs,41,11,12,0,1,46.02
2023-12-12,Eggs,61,12,12,1,1,56.02
2023-12-13,Eggs,45,13,12,2,1,48.04
2023-12-14,Eggs,50,14,12,3,1,49.6
2023-12-15,Eggs,50,15,12,4,1,49.79
2023-12-16,Eggs,63,16,12,5,1,62.02
2023-12-17,Eggs,65,17,12,6,1,63.59
2023-12-18,Eggs,55,18,12,0,1,53.63
2023-12-19,Eggs,48,19,12,1,1,49.91
2023-12-20,Eggs,50,20,12,2,1,49.53
2023-12-21,Eggs,53,21,12,3,1,51.73
2023-12-22,Eggs,50,22,12,4,1,49.92
2023-12-23,Eggs,69,23,12,5,1,65.29
2023-12-24,Eggs,64,24,12,6,1,64.12
2023-12-25,Eggs,55,25,12,0,1,54.79
2023-12-26,Eggs,55,26,12,1,1,54.77
2023-12-27,Eggs,57,27,12,2,1,55.34
2023-12-28,Eggs,53,28,12,3,1,52.78
2023-12-29,Eggs,45,29,12,4,1,49.68
2023-12-30,Eggs,64,30,12,5,1,63.73
2023-12-31,Eggs,58,31,12,6,1,60.85
